location,year,metrics,val,type,cause
Brazil,1990,Number,163714.8464,country,Environmental/occupational risks
Brazil,1990,Percent,0.186947258,country,Environmental/occupational risks
Brazil,1991,Number,158077.37,country,Environmental/occupational risks
Brazil,1991,Percent,0.181154138,country,Environmental/occupational risks
Brazil,1992,Number,157109.1718,country,Environmental/occupational risks
Brazil,1992,Percent,0.17721308,country,Environmental/occupational risks
Brazil,1993,Number,159571.1106,country,Environmental/occupational risks
Brazil,1993,Percent,0.17384701,country,Environmental/occupational risks
Brazil,1994,Number,155916.1537,country,Environmental/occupational risks
Brazil,1994,Percent,0.167936371,country,Environmental/occupational risks
Brazil,1995,Number,153132.069,country,Environmental/occupational risks
Brazil,1995,Percent,0.162520476,country,Environmental/occupational risks
Brazil,1996,Number,151586.7431,country,Environmental/occupational risks
Brazil,1996,Percent,0.158609232,country,Environmental/occupational risks
Brazil,1997,Number,147269.4059,country,Environmental/occupational risks
Brazil,1997,Percent,0.153877204,country,Environmental/occupational risks
Brazil,1998,Number,149136.8835,country,Environmental/occupational risks
Brazil,1998,Percent,0.153323267,country,Environmental/occupational risks
Brazil,1999,Number,147090.0942,country,Environmental/occupational risks
Brazil,1999,Percent,0.149314292,country,Environmental/occupational risks
Brazil,2000,Number,143391.8032,country,Environmental/occupational risks
Brazil,2000,Percent,0.144406697,country,Environmental/occupational risks
Brazil,2001,Number,142237.796,country,Environmental/occupational risks
Brazil,2001,Percent,0.140997278,country,Environmental/occupational risks
Brazil,2002,Number,142249.4722,country,Environmental/occupational risks
Brazil,2002,Percent,0.138517382,country,Environmental/occupational risks
Brazil,2003,Number,144706.7988,country,Environmental/occupational risks
Brazil,2003,Percent,0.138280907,country,Environmental/occupational risks
Brazil,2004,Number,145318.8715,country,Environmental/occupational risks
Brazil,2004,Percent,0.136527963,country,Environmental/occupational risks
Brazil,2005,Number,141352.4994,country,Environmental/occupational risks
Brazil,2005,Percent,0.133363753,country,Environmental/occupational risks
Brazil,2006,Number,142428.5492,country,Environmental/occupational risks
Brazil,2006,Percent,0.131983075,country,Environmental/occupational risks
Brazil,2007,Number,141828.3377,country,Environmental/occupational risks
Brazil,2007,Percent,0.129104068,country,Environmental/occupational risks
Brazil,2008,Number,142421.74,country,Environmental/occupational risks
Brazil,2008,Percent,0.12690504,country,Environmental/occupational risks
Brazil,2009,Number,142939.6146,country,Environmental/occupational risks
Brazil,2009,Percent,0.124107736,country,Environmental/occupational risks
Brazil,2010,Number,144908.707,country,Environmental/occupational risks
Brazil,2010,Percent,0.122889684,country,Environmental/occupational risks
Brazil,2011,Number,143507.4837,country,Environmental/occupational risks
Brazil,2011,Percent,0.118779222,country,Environmental/occupational risks
Brazil,2012,Number,140217.6466,country,Environmental/occupational risks
Brazil,2012,Percent,0.114916555,country,Environmental/occupational risks
Brazil,2013,Number,139030.6479,country,Environmental/occupational risks
Brazil,2013,Percent,0.111948128,country,Environmental/occupational risks
Brazil,2014,Number,134392.6038,country,Environmental/occupational risks
Brazil,2014,Percent,0.106645972,country,Environmental/occupational risks
Brazil,2015,Number,135396.7148,country,Environmental/occupational risks
Brazil,2015,Percent,0.105089441,country,Environmental/occupational risks
Brazil,2016,Number,140694.5607,country,Environmental/occupational risks
Brazil,2016,Percent,0.105520877,country,Environmental/occupational risks
Brazil,2017,Number,137415.4485,country,Environmental/occupational risks
Brazil,2017,Percent,0.103099202,country,Environmental/occupational risks
Brazil,2018,Number,137075.2405,country,Environmental/occupational risks
Brazil,2018,Percent,0.101972706,country,Environmental/occupational risks
Brazil,2019,Number,139196.9464,country,Environmental/occupational risks
Brazil,2019,Percent,0.101641106,country,Environmental/occupational risks
Brazil,2020,Number,139255.6181,country,Environmental/occupational risks
Brazil,2020,Percent,0.087758342,country,Environmental/occupational risks
Brazil,2021,Number,138800.1989,country,Environmental/occupational risks
Brazil,2021,Percent,0.0772443,country,Environmental/occupational risks
China,1990,Number,2981663.395,country,Environmental/occupational risks
China,1990,Percent,0.352057833,country,Environmental/occupational risks
China,1991,Number,3016116.277,country,Environmental/occupational risks
China,1991,Percent,0.352905831,country,Environmental/occupational risks
China,1992,Number,3037773.04,country,Environmental/occupational risks
China,1992,Percent,0.354167825,country,Environmental/occupational risks
China,1993,Number,3045843.506,country,Environmental/occupational risks
China,1993,Percent,0.354677127,country,Environmental/occupational risks
China,1994,Number,3060106.74,country,Environmental/occupational risks
China,1994,Percent,0.356186497,country,Environmental/occupational risks
China,1995,Number,3075572.671,country,Environmental/occupational risks
China,1995,Percent,0.35773739,country,Environmental/occupational risks
China,1996,Number,3070085.374,country,Environmental/occupational risks
China,1996,Percent,0.358408236,country,Environmental/occupational risks
China,1997,Number,3058678.591,country,Environmental/occupational risks
China,1997,Percent,0.358589466,country,Environmental/occupational risks
China,1998,Number,3066048.634,country,Environmental/occupational risks
China,1998,Percent,0.357410212,country,Environmental/occupational risks
China,1999,Number,3101687.842,country,Environmental/occupational risks
China,1999,Percent,0.357645375,country,Environmental/occupational risks
China,2000,Number,3183930.148,country,Environmental/occupational risks
China,2000,Percent,0.357875535,country,Environmental/occupational risks
China,2001,Number,3228040.468,country,Environmental/occupational risks
China,2001,Percent,0.356781836,country,Environmental/occupational risks
China,2002,Number,3241099.175,country,Environmental/occupational risks
China,2002,Percent,0.354194981,country,Environmental/occupational risks
China,2003,Number,3307501.48,country,Environmental/occupational risks
China,2003,Percent,0.353025633,country,Environmental/occupational risks
China,2004,Number,3353227.0,country,Environmental/occupational risks
China,2004,Percent,0.349836527,country,Environmental/occupational risks
China,2005,Number,3318265.681,country,Environmental/occupational risks
China,2005,Percent,0.347678282,country,Environmental/occupational risks
China,2006,Number,3127618.832,country,Environmental/occupational risks
China,2006,Percent,0.341318416,country,Environmental/occupational risks
China,2007,Number,3074509.094,country,Environmental/occupational risks
China,2007,Percent,0.337246849,country,Environmental/occupational risks
China,2008,Number,3101507.991,country,Environmental/occupational risks
China,2008,Percent,0.329975048,country,Environmental/occupational risks
China,2009,Number,3167057.94,country,Environmental/occupational risks
China,2009,Percent,0.332081665,country,Environmental/occupational risks
China,2010,Number,3230838.814,country,Environmental/occupational risks
China,2010,Percent,0.33210361,country,Environmental/occupational risks
China,2011,Number,3241530.217,country,Environmental/occupational risks
China,2011,Percent,0.330647785,country,Environmental/occupational risks
China,2012,Number,3213271.541,country,Environmental/occupational risks
China,2012,Percent,0.327605033,country,Environmental/occupational risks
China,2013,Number,3232503.45,country,Environmental/occupational risks
China,2013,Percent,0.325963875,country,Environmental/occupational risks
China,2014,Number,3219908.659,country,Environmental/occupational risks
China,2014,Percent,0.321529813,country,Environmental/occupational risks
China,2015,Number,3218489.067,country,Environmental/occupational risks
China,2015,Percent,0.317700792,country,Environmental/occupational risks
China,2016,Number,3258551.105,country,Environmental/occupational risks
China,2016,Percent,0.31347316,country,Environmental/occupational risks
China,2017,Number,3241569.826,country,Environmental/occupational risks
China,2017,Percent,0.30606271,country,Environmental/occupational risks
China,2018,Number,3190533.109,country,Environmental/occupational risks
China,2018,Percent,0.295411961,country,Environmental/occupational risks
China,2019,Number,3173491.981,country,Environmental/occupational risks
China,2019,Percent,0.286481923,country,Environmental/occupational risks
China,2020,Number,3167613.482,country,Environmental/occupational risks
China,2020,Percent,0.27714747,country,Environmental/occupational risks
China,2021,Number,3361725.597,country,Environmental/occupational risks
China,2021,Percent,0.287335061,country,Environmental/occupational risks
Egypt,1990,Number,135609.0635,country,Environmental/occupational risks
Egypt,1990,Percent,0.291078103,country,Environmental/occupational risks
Egypt,1991,Number,132540.514,country,Environmental/occupational risks
Egypt,1991,Percent,0.293050574,country,Environmental/occupational risks
Egypt,1992,Number,128945.2084,country,Environmental/occupational risks
Egypt,1992,Percent,0.29516999,country,Environmental/occupational risks
Egypt,1993,Number,127796.8568,country,Environmental/occupational risks
Egypt,1993,Percent,0.293938047,country,Environmental/occupational risks
Egypt,1994,Number,126803.0566,country,Environmental/occupational risks
Egypt,1994,Percent,0.293007625,country,Environmental/occupational risks
Egypt,1995,Number,124252.7365,country,Environmental/occupational risks
Egypt,1995,Percent,0.294070861,country,Environmental/occupational risks
Egypt,1996,Number,120441.5376,country,Environmental/occupational risks
Egypt,1996,Percent,0.289769206,country,Environmental/occupational risks
Egypt,1997,Number,120673.8355,country,Environmental/occupational risks
Egypt,1997,Percent,0.288567474,country,Environmental/occupational risks
Egypt,1998,Number,121039.7678,country,Environmental/occupational risks
Egypt,1998,Percent,0.288584274,country,Environmental/occupational risks
Egypt,1999,Number,119593.5988,country,Environmental/occupational risks
Egypt,1999,Percent,0.28420796,country,Environmental/occupational risks
Egypt,2000,Number,116799.7956,country,Environmental/occupational risks
Egypt,2000,Percent,0.283205491,country,Environmental/occupational risks
Egypt,2001,Number,122287.2631,country,Environmental/occupational risks
Egypt,2001,Percent,0.284613566,country,Environmental/occupational risks
Egypt,2002,Number,126994.473,country,Environmental/occupational risks
Egypt,2002,Percent,0.286870292,country,Environmental/occupational risks
Egypt,2003,Number,130609.2966,country,Environmental/occupational risks
Egypt,2003,Percent,0.287490915,country,Environmental/occupational risks
Egypt,2004,Number,129434.506,country,Environmental/occupational risks
Egypt,2004,Percent,0.284650295,country,Environmental/occupational risks
Egypt,2005,Number,130001.9146,country,Environmental/occupational risks
Egypt,2005,Percent,0.285474498,country,Environmental/occupational risks
Egypt,2006,Number,133827.6684,country,Environmental/occupational risks
Egypt,2006,Percent,0.286966813,country,Environmental/occupational risks
Egypt,2007,Number,136309.4541,country,Environmental/occupational risks
Egypt,2007,Percent,0.289571265,country,Environmental/occupational risks
Egypt,2008,Number,142613.8158,country,Environmental/occupational risks
Egypt,2008,Percent,0.294098717,country,Environmental/occupational risks
Egypt,2009,Number,148939.0209,country,Environmental/occupational risks
Egypt,2009,Percent,0.296251348,country,Environmental/occupational risks
Egypt,2010,Number,152715.6294,country,Environmental/occupational risks
Egypt,2010,Percent,0.297275211,country,Environmental/occupational risks
Egypt,2011,Number,154401.6977,country,Environmental/occupational risks
Egypt,2011,Percent,0.296113565,country,Environmental/occupational risks
Egypt,2012,Number,159725.6713,country,Environmental/occupational risks
Egypt,2012,Percent,0.298571408,country,Environmental/occupational risks
Egypt,2013,Number,157215.4475,country,Environmental/occupational risks
Egypt,2013,Percent,0.292475479,country,Environmental/occupational risks
Egypt,2014,Number,161081.7044,country,Environmental/occupational risks
Egypt,2014,Percent,0.294909235,country,Environmental/occupational risks
Egypt,2015,Number,168605.3387,country,Environmental/occupational risks
Egypt,2015,Percent,0.298976193,country,Environmental/occupational risks
Egypt,2016,Number,163019.844,country,Environmental/occupational risks
Egypt,2016,Percent,0.29605354,country,Environmental/occupational risks
Egypt,2017,Number,159778.5054,country,Environmental/occupational risks
Egypt,2017,Percent,0.296708842,country,Environmental/occupational risks
Egypt,2018,Number,162799.0001,country,Environmental/occupational risks
Egypt,2018,Percent,0.297779663,country,Environmental/occupational risks
Egypt,2019,Number,166533.4938,country,Environmental/occupational risks
Egypt,2019,Percent,0.301705958,country,Environmental/occupational risks
Egypt,2020,Number,159777.1116,country,Environmental/occupational risks
Egypt,2020,Percent,0.247495163,country,Environmental/occupational risks
Egypt,2021,Number,167538.0624,country,Environmental/occupational risks
Egypt,2021,Percent,0.235460503,country,Environmental/occupational risks
Ethiopia,1990,Number,223757.7307,country,Environmental/occupational risks
Ethiopia,1990,Percent,0.24282032,country,Environmental/occupational risks
Ethiopia,1991,Number,227069.5719,country,Environmental/occupational risks
Ethiopia,1991,Percent,0.252568016,country,Environmental/occupational risks
Ethiopia,1992,Number,232299.0649,country,Environmental/occupational risks
Ethiopia,1992,Percent,0.256481205,country,Environmental/occupational risks
Ethiopia,1993,Number,234666.687,country,Environmental/occupational risks
Ethiopia,1993,Percent,0.256182987,country,Environmental/occupational risks
Ethiopia,1994,Number,235578.4377,country,Environmental/occupational risks
Ethiopia,1994,Percent,0.25499875,country,Environmental/occupational risks
Ethiopia,1995,Number,234936.2973,country,Environmental/occupational risks
Ethiopia,1995,Percent,0.252828773,country,Environmental/occupational risks
Ethiopia,1996,Number,232538.5235,country,Environmental/occupational risks
Ethiopia,1996,Percent,0.251547916,country,Environmental/occupational risks
Ethiopia,1997,Number,229114.2533,country,Environmental/occupational risks
Ethiopia,1997,Percent,0.249403541,country,Environmental/occupational risks
Ethiopia,1998,Number,225447.1439,country,Environmental/occupational risks
Ethiopia,1998,Percent,0.247171306,country,Environmental/occupational risks
Ethiopia,1999,Number,220953.1255,country,Environmental/occupational risks
Ethiopia,1999,Percent,0.23751643,country,Environmental/occupational risks
Ethiopia,2000,Number,216184.5261,country,Environmental/occupational risks
Ethiopia,2000,Percent,0.231718254,country,Environmental/occupational risks
Ethiopia,2001,Number,209838.5476,country,Environmental/occupational risks
Ethiopia,2001,Percent,0.243125931,country,Environmental/occupational risks
Ethiopia,2002,Number,202632.2687,country,Environmental/occupational risks
Ethiopia,2002,Percent,0.240876959,country,Environmental/occupational risks
Ethiopia,2003,Number,195449.4867,country,Environmental/occupational risks
Ethiopia,2003,Percent,0.237937529,country,Environmental/occupational risks
Ethiopia,2004,Number,188224.9161,country,Environmental/occupational risks
Ethiopia,2004,Percent,0.236087721,country,Environmental/occupational risks
Ethiopia,2005,Number,183231.253,country,Environmental/occupational risks
Ethiopia,2005,Percent,0.238978416,country,Environmental/occupational risks
Ethiopia,2006,Number,177501.313,country,Environmental/occupational risks
Ethiopia,2006,Percent,0.241102031,country,Environmental/occupational risks
Ethiopia,2007,Number,172269.8398,country,Environmental/occupational risks
Ethiopia,2007,Percent,0.24565623,country,Environmental/occupational risks
Ethiopia,2008,Number,166502.8814,country,Environmental/occupational risks
Ethiopia,2008,Percent,0.248020132,country,Environmental/occupational risks
Ethiopia,2009,Number,160411.8193,country,Environmental/occupational risks
Ethiopia,2009,Percent,0.248197218,country,Environmental/occupational risks
Ethiopia,2010,Number,153891.7118,country,Environmental/occupational risks
Ethiopia,2010,Percent,0.247191974,country,Environmental/occupational risks
Ethiopia,2011,Number,150608.6214,country,Environmental/occupational risks
Ethiopia,2011,Percent,0.249469002,country,Environmental/occupational risks
Ethiopia,2012,Number,146730.2898,country,Environmental/occupational risks
Ethiopia,2012,Percent,0.248360136,country,Environmental/occupational risks
Ethiopia,2013,Number,143566.2131,country,Environmental/occupational risks
Ethiopia,2013,Percent,0.247162863,country,Environmental/occupational risks
Ethiopia,2014,Number,142584.6536,country,Environmental/occupational risks
Ethiopia,2014,Percent,0.249014716,country,Environmental/occupational risks
Ethiopia,2015,Number,140547.9881,country,Environmental/occupational risks
Ethiopia,2015,Percent,0.247295298,country,Environmental/occupational risks
Ethiopia,2016,Number,139544.1456,country,Environmental/occupational risks
Ethiopia,2016,Percent,0.245954643,country,Environmental/occupational risks
Ethiopia,2017,Number,140147.2791,country,Environmental/occupational risks
Ethiopia,2017,Percent,0.248190084,country,Environmental/occupational risks
Ethiopia,2018,Number,140179.5485,country,Environmental/occupational risks
Ethiopia,2018,Percent,0.248378715,country,Environmental/occupational risks
Ethiopia,2019,Number,139601.6902,country,Environmental/occupational risks
Ethiopia,2019,Percent,0.247405038,country,Environmental/occupational risks
Ethiopia,2020,Number,135770.7557,country,Environmental/occupational risks
Ethiopia,2020,Percent,0.210713585,country,Environmental/occupational risks
Ethiopia,2021,Number,135564.3286,country,Environmental/occupational risks
Ethiopia,2021,Percent,0.183984603,country,Environmental/occupational risks
India,1990,Number,2835400.24,country,Environmental/occupational risks
India,1990,Percent,0.36231722,country,Environmental/occupational risks
India,1991,Number,2871643.927,country,Environmental/occupational risks
India,1991,Percent,0.364467392,country,Environmental/occupational risks
India,1992,Number,2923117.911,country,Environmental/occupational risks
India,1992,Percent,0.365267242,country,Environmental/occupational risks
India,1993,Number,2911762.764,country,Environmental/occupational risks
India,1993,Percent,0.364344732,country,Environmental/occupational risks
India,1994,Number,2928064.155,country,Environmental/occupational risks
India,1994,Percent,0.363770093,country,Environmental/occupational risks
India,1995,Number,2982369.741,country,Environmental/occupational risks
India,1995,Percent,0.364711996,country,Environmental/occupational risks
India,1996,Number,2967783.019,country,Environmental/occupational risks
India,1996,Percent,0.361582523,country,Environmental/occupational risks
India,1997,Number,2956697.294,country,Environmental/occupational risks
India,1997,Percent,0.358475523,country,Environmental/occupational risks
India,1998,Number,2979893.653,country,Environmental/occupational risks
India,1998,Percent,0.357156581,country,Environmental/occupational risks
India,1999,Number,2881712.443,country,Environmental/occupational risks
India,1999,Percent,0.351841974,country,Environmental/occupational risks
India,2000,Number,2834355.582,country,Environmental/occupational risks
India,2000,Percent,0.347873444,country,Environmental/occupational risks
India,2001,Number,2834228.582,country,Environmental/occupational risks
India,2001,Percent,0.345669341,country,Environmental/occupational risks
India,2002,Number,2857000.536,country,Environmental/occupational risks
India,2002,Percent,0.348801969,country,Environmental/occupational risks
India,2003,Number,2900395.818,country,Environmental/occupational risks
India,2003,Percent,0.351158114,country,Environmental/occupational risks
India,2004,Number,2911764.664,country,Environmental/occupational risks
India,2004,Percent,0.34951635,country,Environmental/occupational risks
India,2005,Number,2924762.065,country,Environmental/occupational risks
India,2005,Percent,0.348675269,country,Environmental/occupational risks
India,2006,Number,2957322.639,country,Environmental/occupational risks
India,2006,Percent,0.347865784,country,Environmental/occupational risks
India,2007,Number,3048827.168,country,Environmental/occupational risks
India,2007,Percent,0.350435258,country,Environmental/occupational risks
India,2008,Number,3069056.302,country,Environmental/occupational risks
India,2008,Percent,0.34807758,country,Environmental/occupational risks
India,2009,Number,3044767.111,country,Environmental/occupational risks
India,2009,Percent,0.348475997,country,Environmental/occupational risks
India,2010,Number,3074078.717,country,Environmental/occupational risks
India,2010,Percent,0.349558011,country,Environmental/occupational risks
India,2011,Number,3098001.15,country,Environmental/occupational risks
India,2011,Percent,0.347567493,country,Environmental/occupational risks
India,2012,Number,3165032.508,country,Environmental/occupational risks
India,2012,Percent,0.351317286,country,Environmental/occupational risks
India,2013,Number,3239113.55,country,Environmental/occupational risks
India,2013,Percent,0.351630564,country,Environmental/occupational risks
India,2014,Number,3303597.23,country,Environmental/occupational risks
India,2014,Percent,0.354999669,country,Environmental/occupational risks
India,2015,Number,3229114.854,country,Environmental/occupational risks
India,2015,Percent,0.349612716,country,Environmental/occupational risks
India,2016,Number,3198589.937,country,Environmental/occupational risks
India,2016,Percent,0.347407083,country,Environmental/occupational risks
India,2017,Number,3202451.397,country,Environmental/occupational risks
India,2017,Percent,0.343434487,country,Environmental/occupational risks
India,2018,Number,3227496.774,country,Environmental/occupational risks
India,2018,Percent,0.341213101,country,Environmental/occupational risks
India,2019,Number,3237240.768,country,Environmental/occupational risks
India,2019,Percent,0.33961184,country,Environmental/occupational risks
India,2020,Number,3095599.412,country,Environmental/occupational risks
India,2020,Percent,0.290208316,country,Environmental/occupational risks
India,2021,Number,3135839.172,country,Environmental/occupational risks
India,2021,Percent,0.266935239,country,Environmental/occupational risks
Indonesia,1990,Number,449661.7314,country,Environmental/occupational risks
Indonesia,1990,Percent,0.328600539,country,Environmental/occupational risks
Indonesia,1991,Number,436236.2418,country,Environmental/occupational risks
Indonesia,1991,Percent,0.320307629,country,Environmental/occupational risks
Indonesia,1992,Number,424972.3212,country,Environmental/occupational risks
Indonesia,1992,Percent,0.312533234,country,Environmental/occupational risks
Indonesia,1993,Number,415870.9626,country,Environmental/occupational risks
Indonesia,1993,Percent,0.305909615,country,Environmental/occupational risks
Indonesia,1994,Number,406365.517,country,Environmental/occupational risks
Indonesia,1994,Percent,0.298833125,country,Environmental/occupational risks
Indonesia,1995,Number,396696.6862,country,Environmental/occupational risks
Indonesia,1995,Percent,0.291618849,country,Environmental/occupational risks
Indonesia,1996,Number,388657.8719,country,Environmental/occupational risks
Indonesia,1996,Percent,0.284936996,country,Environmental/occupational risks
Indonesia,1997,Number,384385.4735,country,Environmental/occupational risks
Indonesia,1997,Percent,0.279077924,country,Environmental/occupational risks
Indonesia,1998,Number,382741.7673,country,Environmental/occupational risks
Indonesia,1998,Percent,0.273914396,country,Environmental/occupational risks
Indonesia,1999,Number,382323.5175,country,Environmental/occupational risks
Indonesia,1999,Percent,0.269453626,country,Environmental/occupational risks
Indonesia,2000,Number,382069.4356,country,Environmental/occupational risks
Indonesia,2000,Percent,0.266395017,country,Environmental/occupational risks
Indonesia,2001,Number,382947.82,country,Environmental/occupational risks
Indonesia,2001,Percent,0.263775372,country,Environmental/occupational risks
Indonesia,2002,Number,385827.7821,country,Environmental/occupational risks
Indonesia,2002,Percent,0.262245791,country,Environmental/occupational risks
Indonesia,2003,Number,388490.3724,country,Environmental/occupational risks
Indonesia,2003,Percent,0.260557198,country,Environmental/occupational risks
Indonesia,2004,Number,430997.2732,country,Environmental/occupational risks
Indonesia,2004,Percent,0.257446496,country,Environmental/occupational risks
Indonesia,2005,Number,393026.612,country,Environmental/occupational risks
Indonesia,2005,Percent,0.257770851,country,Environmental/occupational risks
Indonesia,2006,Number,394352.1547,country,Environmental/occupational risks
Indonesia,2006,Percent,0.2547357,country,Environmental/occupational risks
Indonesia,2007,Number,393931.8443,country,Environmental/occupational risks
Indonesia,2007,Percent,0.252828821,country,Environmental/occupational risks
Indonesia,2008,Number,393276.2536,country,Environmental/occupational risks
Indonesia,2008,Percent,0.249745612,country,Environmental/occupational risks
Indonesia,2009,Number,391721.9209,country,Environmental/occupational risks
Indonesia,2009,Percent,0.245879539,country,Environmental/occupational risks
Indonesia,2010,Number,387888.0743,country,Environmental/occupational risks
Indonesia,2010,Percent,0.241534555,country,Environmental/occupational risks
Indonesia,2011,Number,381873.3483,country,Environmental/occupational risks
Indonesia,2011,Percent,0.236960614,country,Environmental/occupational risks
Indonesia,2012,Number,374165.9968,country,Environmental/occupational risks
Indonesia,2012,Percent,0.230846952,country,Environmental/occupational risks
Indonesia,2013,Number,365328.5328,country,Environmental/occupational risks
Indonesia,2013,Percent,0.223450698,country,Environmental/occupational risks
Indonesia,2014,Number,357341.884,country,Environmental/occupational risks
Indonesia,2014,Percent,0.21687087,country,Environmental/occupational risks
Indonesia,2015,Number,353841.353,country,Environmental/occupational risks
Indonesia,2015,Percent,0.211960385,country,Environmental/occupational risks
Indonesia,2016,Number,350152.0129,country,Environmental/occupational risks
Indonesia,2016,Percent,0.207293737,country,Environmental/occupational risks
Indonesia,2017,Number,347978.9768,country,Environmental/occupational risks
Indonesia,2017,Percent,0.202941325,country,Environmental/occupational risks
Indonesia,2018,Number,349283.5746,country,Environmental/occupational risks
Indonesia,2018,Percent,0.199982099,country,Environmental/occupational risks
Indonesia,2019,Number,349052.9331,country,Environmental/occupational risks
Indonesia,2019,Percent,0.196908806,country,Environmental/occupational risks
Indonesia,2020,Number,341430.9318,country,Environmental/occupational risks
Indonesia,2020,Percent,0.176134239,country,Environmental/occupational risks
Indonesia,2021,Number,357608.0716,country,Environmental/occupational risks
Indonesia,2021,Percent,0.163367734,country,Environmental/occupational risks
Islamic Republic of Iran,1990,Number,60937.22056,country,Environmental/occupational risks
Islamic Republic of Iran,1990,Percent,0.183166243,country,Environmental/occupational risks
Islamic Republic of Iran,1991,Number,56856.50797,country,Environmental/occupational risks
Islamic Republic of Iran,1991,Percent,0.198720911,country,Environmental/occupational risks
Islamic Republic of Iran,1992,Number,56713.81085,country,Environmental/occupational risks
Islamic Republic of Iran,1992,Percent,0.201684673,country,Environmental/occupational risks
Islamic Republic of Iran,1993,Number,56232.29188,country,Environmental/occupational risks
Islamic Republic of Iran,1993,Percent,0.202814388,country,Environmental/occupational risks
Islamic Republic of Iran,1994,Number,56183.80573,country,Environmental/occupational risks
Islamic Republic of Iran,1994,Percent,0.206897844,country,Environmental/occupational risks
Islamic Republic of Iran,1995,Number,56573.42086,country,Environmental/occupational risks
Islamic Republic of Iran,1995,Percent,0.211054332,country,Environmental/occupational risks
Islamic Republic of Iran,1996,Number,57112.03976,country,Environmental/occupational risks
Islamic Republic of Iran,1996,Percent,0.214082216,country,Environmental/occupational risks
Islamic Republic of Iran,1997,Number,58014.19939,country,Environmental/occupational risks
Islamic Republic of Iran,1997,Percent,0.214728278,country,Environmental/occupational risks
Islamic Republic of Iran,1998,Number,59241.69261,country,Environmental/occupational risks
Islamic Republic of Iran,1998,Percent,0.219925158,country,Environmental/occupational risks
Islamic Republic of Iran,1999,Number,60763.94837,country,Environmental/occupational risks
Islamic Republic of Iran,1999,Percent,0.223167046,country,Environmental/occupational risks
Islamic Republic of Iran,2000,Number,62439.57969,country,Environmental/occupational risks
Islamic Republic of Iran,2000,Percent,0.226619992,country,Environmental/occupational risks
Islamic Republic of Iran,2001,Number,63402.80022,country,Environmental/occupational risks
Islamic Republic of Iran,2001,Percent,0.225580854,country,Environmental/occupational risks
Islamic Republic of Iran,2002,Number,65241.17839,country,Environmental/occupational risks
Islamic Republic of Iran,2002,Percent,0.227651202,country,Environmental/occupational risks
Islamic Republic of Iran,2003,Number,71882.3276,country,Environmental/occupational risks
Islamic Republic of Iran,2003,Percent,0.225490102,country,Environmental/occupational risks
Islamic Republic of Iran,2004,Number,67520.9965,country,Environmental/occupational risks
Islamic Republic of Iran,2004,Percent,0.226686155,country,Environmental/occupational risks
Islamic Republic of Iran,2005,Number,68975.94804,country,Environmental/occupational risks
Islamic Republic of Iran,2005,Percent,0.227871256,country,Environmental/occupational risks
Islamic Republic of Iran,2006,Number,70847.04026,country,Environmental/occupational risks
Islamic Republic of Iran,2006,Percent,0.230036445,country,Environmental/occupational risks
Islamic Republic of Iran,2007,Number,72718.76218,country,Environmental/occupational risks
Islamic Republic of Iran,2007,Percent,0.23193403,country,Environmental/occupational risks
Islamic Republic of Iran,2008,Number,74166.97278,country,Environmental/occupational risks
Islamic Republic of Iran,2008,Percent,0.232380325,country,Environmental/occupational risks
Islamic Republic of Iran,2009,Number,76320.5761,country,Environmental/occupational risks
Islamic Republic of Iran,2009,Percent,0.234732781,country,Environmental/occupational risks
Islamic Republic of Iran,2010,Number,77207.85946,country,Environmental/occupational risks
Islamic Republic of Iran,2010,Percent,0.233936467,country,Environmental/occupational risks
Islamic Republic of Iran,2011,Number,79484.72426,country,Environmental/occupational risks
Islamic Republic of Iran,2011,Percent,0.238080235,country,Environmental/occupational risks
Islamic Republic of Iran,2012,Number,80562.59195,country,Environmental/occupational risks
Islamic Republic of Iran,2012,Percent,0.237150547,country,Environmental/occupational risks
Islamic Republic of Iran,2013,Number,83374.37887,country,Environmental/occupational risks
Islamic Republic of Iran,2013,Percent,0.239202959,country,Environmental/occupational risks
Islamic Republic of Iran,2014,Number,86709.43221,country,Environmental/occupational risks
Islamic Republic of Iran,2014,Percent,0.243922888,country,Environmental/occupational risks
Islamic Republic of Iran,2015,Number,89917.47867,country,Environmental/occupational risks
Islamic Republic of Iran,2015,Percent,0.247151053,country,Environmental/occupational risks
Islamic Republic of Iran,2016,Number,91305.77034,country,Environmental/occupational risks
Islamic Republic of Iran,2016,Percent,0.249202901,country,Environmental/occupational risks
Islamic Republic of Iran,2017,Number,92585.89548,country,Environmental/occupational risks
Islamic Republic of Iran,2017,Percent,0.249186239,country,Environmental/occupational risks
Islamic Republic of Iran,2018,Number,92691.99052,country,Environmental/occupational risks
Islamic Republic of Iran,2018,Percent,0.248055852,country,Environmental/occupational risks
Islamic Republic of Iran,2019,Number,94925.26698,country,Environmental/occupational risks
Islamic Republic of Iran,2019,Percent,0.249114816,country,Environmental/occupational risks
Islamic Republic of Iran,2020,Number,89610.66565,country,Environmental/occupational risks
Islamic Republic of Iran,2020,Percent,0.210311321,country,Environmental/occupational risks
Islamic Republic of Iran,2021,Number,90249.55365,country,Environmental/occupational risks
Islamic Republic of Iran,2021,Percent,0.158533279,country,Environmental/occupational risks
Russian Federation,1990,Number,308354.1504,country,Environmental/occupational risks
Russian Federation,1990,Percent,0.188417586,country,Environmental/occupational risks
Russian Federation,1991,Number,305898.6086,country,Environmental/occupational risks
Russian Federation,1991,Percent,0.183500148,country,Environmental/occupational risks
Russian Federation,1992,Number,324423.6182,country,Environmental/occupational risks
Russian Federation,1992,Percent,0.180368078,country,Environmental/occupational risks
Russian Federation,1993,Number,376503.4,country,Environmental/occupational risks
Russian Federation,1993,Percent,0.177096668,country,Environmental/occupational risks
Russian Federation,1994,Number,401191.2364,country,Environmental/occupational risks
Russian Federation,1994,Percent,0.173366076,country,Environmental/occupational risks
Russian Federation,1995,Number,377683.1903,country,Environmental/occupational risks
Russian Federation,1995,Percent,0.170406751,country,Environmental/occupational risks
Russian Federation,1996,Number,359748.2393,country,Environmental/occupational risks
Russian Federation,1996,Percent,0.172701528,country,Environmental/occupational risks
Russian Federation,1997,Number,345305.8279,country,Environmental/occupational risks
Russian Federation,1997,Percent,0.174568574,country,Environmental/occupational risks
Russian Federation,1998,Number,340591.6924,country,Environmental/occupational risks
Russian Federation,1998,Percent,0.173514348,country,Environmental/occupational risks
Russian Federation,1999,Number,363608.401,country,Environmental/occupational risks
Russian Federation,1999,Percent,0.170688018,country,Environmental/occupational risks
Russian Federation,2000,Number,376094.603,country,Environmental/occupational risks
Russian Federation,2000,Percent,0.168898295,country,Environmental/occupational risks
Russian Federation,2001,Number,372885.8165,country,Environmental/occupational risks
Russian Federation,2001,Percent,0.164829414,country,Environmental/occupational risks
Russian Federation,2002,Number,372184.3407,country,Environmental/occupational risks
Russian Federation,2002,Percent,0.160332152,country,Environmental/occupational risks
Russian Federation,2003,Number,362003.602,country,Environmental/occupational risks
Russian Federation,2003,Percent,0.153860661,country,Environmental/occupational risks
Russian Federation,2004,Number,335106.482,country,Environmental/occupational risks
Russian Federation,2004,Percent,0.145884545,country,Environmental/occupational risks
Russian Federation,2005,Number,333962.2719,country,Environmental/occupational risks
Russian Federation,2005,Percent,0.140503725,country,Environmental/occupational risks
Russian Federation,2006,Number,307580.4351,country,Environmental/occupational risks
Russian Federation,2006,Percent,0.13971486,country,Environmental/occupational risks
Russian Federation,2007,Number,294123.8882,country,Environmental/occupational risks
Russian Federation,2007,Percent,0.139554988,country,Environmental/occupational risks
Russian Federation,2008,Number,294185.2152,country,Environmental/occupational risks
Russian Federation,2008,Percent,0.138966244,country,Environmental/occupational risks
Russian Federation,2009,Number,282390.0559,country,Environmental/occupational risks
Russian Federation,2009,Percent,0.138996123,country,Environmental/occupational risks
Russian Federation,2010,Number,283544.7073,country,Environmental/occupational risks
Russian Federation,2010,Percent,0.13823931,country,Environmental/occupational risks
Russian Federation,2011,Number,264792.4492,country,Environmental/occupational risks
Russian Federation,2011,Percent,0.137361849,country,Environmental/occupational risks
Russian Federation,2012,Number,249980.0063,country,Environmental/occupational risks
Russian Federation,2012,Percent,0.132059089,country,Environmental/occupational risks
Russian Federation,2013,Number,240539.0535,country,Environmental/occupational risks
Russian Federation,2013,Percent,0.129121334,country,Environmental/occupational risks
Russian Federation,2014,Number,236619.5626,country,Environmental/occupational risks
Russian Federation,2014,Percent,0.125323852,country,Environmental/occupational risks
Russian Federation,2015,Number,228387.6359,country,Environmental/occupational risks
Russian Federation,2015,Percent,0.122404854,country,Environmental/occupational risks
Russian Federation,2016,Number,222845.388,country,Environmental/occupational risks
Russian Federation,2016,Percent,0.120514035,country,Environmental/occupational risks
Russian Federation,2017,Number,211499.7938,country,Environmental/occupational risks
Russian Federation,2017,Percent,0.119191547,country,Environmental/occupational risks
Russian Federation,2018,Number,206631.2536,country,Environmental/occupational risks
Russian Federation,2018,Percent,0.115646362,country,Environmental/occupational risks
Russian Federation,2019,Number,199681.8797,country,Environmental/occupational risks
Russian Federation,2019,Percent,0.113002243,country,Environmental/occupational risks
Russian Federation,2020,Number,192889.2221,country,Environmental/occupational risks
Russian Federation,2020,Percent,0.091892538,country,Environmental/occupational risks
Russian Federation,2021,Number,198101.49,country,Environmental/occupational risks
Russian Federation,2021,Percent,0.082054194,country,Environmental/occupational risks
South Africa,1990,Number,64157.42065,country,Environmental/occupational risks
South Africa,1990,Percent,0.219331871,country,Environmental/occupational risks
South Africa,1991,Number,63644.29036,country,Environmental/occupational risks
South Africa,1991,Percent,0.215047517,country,Environmental/occupational risks
South Africa,1992,Number,64792.02814,country,Environmental/occupational risks
South Africa,1992,Percent,0.208221611,country,Environmental/occupational risks
South Africa,1993,Number,63281.37882,country,Environmental/occupational risks
South Africa,1993,Percent,0.205932741,country,Environmental/occupational risks
South Africa,1994,Number,65404.54177,country,Environmental/occupational risks
South Africa,1994,Percent,0.200620678,country,Environmental/occupational risks
South Africa,1995,Number,65854.26283,country,Environmental/occupational risks
South Africa,1995,Percent,0.193355467,country,Environmental/occupational risks
South Africa,1996,Number,69178.91795,country,Environmental/occupational risks
South Africa,1996,Percent,0.187392241,country,Environmental/occupational risks
South Africa,1997,Number,74324.28325,country,Environmental/occupational risks
South Africa,1997,Percent,0.176911848,country,Environmental/occupational risks
South Africa,1998,Number,75721.72027,country,Environmental/occupational risks
South Africa,1998,Percent,0.165024969,country,Environmental/occupational risks
South Africa,1999,Number,74465.48652,country,Environmental/occupational risks
South Africa,1999,Percent,0.153419948,country,Environmental/occupational risks
South Africa,2000,Number,78475.69946,country,Environmental/occupational risks
South Africa,2000,Percent,0.146140055,country,Environmental/occupational risks
South Africa,2001,Number,79024.1773,country,Environmental/occupational risks
South Africa,2001,Percent,0.136747203,country,Environmental/occupational risks
South Africa,2002,Number,81678.01029,country,Environmental/occupational risks
South Africa,2002,Percent,0.129318058,country,Environmental/occupational risks
South Africa,2003,Number,84186.22645,country,Environmental/occupational risks
South Africa,2003,Percent,0.122816013,country,Environmental/occupational risks
South Africa,2004,Number,85226.61636,country,Environmental/occupational risks
South Africa,2004,Percent,0.118794219,country,Environmental/occupational risks
South Africa,2005,Number,85982.9032,country,Environmental/occupational risks
South Africa,2005,Percent,0.117199152,country,Environmental/occupational risks
South Africa,2006,Number,88248.66849,country,Environmental/occupational risks
South Africa,2006,Percent,0.118972078,country,Environmental/occupational risks
South Africa,2007,Number,86926.34886,country,Environmental/occupational risks
South Africa,2007,Percent,0.119066866,country,Environmental/occupational risks
South Africa,2008,Number,86696.04538,country,Environmental/occupational risks
South Africa,2008,Percent,0.121126662,country,Environmental/occupational risks
South Africa,2009,Number,85393.03452,country,Environmental/occupational risks
South Africa,2009,Percent,0.123388665,country,Environmental/occupational risks
South Africa,2010,Number,83381.89386,country,Environmental/occupational risks
South Africa,2010,Percent,0.12692056,country,Environmental/occupational risks
South Africa,2011,Number,82341.51199,country,Environmental/occupational risks
South Africa,2011,Percent,0.133433296,country,Environmental/occupational risks
South Africa,2012,Number,80260.3895,country,Environmental/occupational risks
South Africa,2012,Percent,0.137482363,country,Environmental/occupational risks
South Africa,2013,Number,78562.03013,country,Environmental/occupational risks
South Africa,2013,Percent,0.140586274,country,Environmental/occupational risks
South Africa,2014,Number,78224.64058,country,Environmental/occupational risks
South Africa,2014,Percent,0.141763367,country,Environmental/occupational risks
South Africa,2015,Number,77631.04727,country,Environmental/occupational risks
South Africa,2015,Percent,0.1408918,country,Environmental/occupational risks
South Africa,2016,Number,77299.21784,country,Environmental/occupational risks
South Africa,2016,Percent,0.142138438,country,Environmental/occupational risks
South Africa,2017,Number,75681.11649,country,Environmental/occupational risks
South Africa,2017,Percent,0.143431832,country,Environmental/occupational risks
South Africa,2018,Number,74539.82348,country,Environmental/occupational risks
South Africa,2018,Percent,0.143047535,country,Environmental/occupational risks
South Africa,2019,Number,72044.26608,country,Environmental/occupational risks
South Africa,2019,Percent,0.139836942,country,Environmental/occupational risks
South Africa,2020,Number,72116.90165,country,Environmental/occupational risks
South Africa,2020,Percent,0.109550064,country,Environmental/occupational risks
South Africa,2021,Number,70637.52089,country,Environmental/occupational risks
South Africa,2021,Percent,0.096282279,country,Environmental/occupational risks
United Arab Emirates,1990,Number,1274.588575,country,Environmental/occupational risks
United Arab Emirates,1990,Percent,0.234825875,country,Environmental/occupational risks
United Arab Emirates,1991,Number,1259.925421,country,Environmental/occupational risks
United Arab Emirates,1991,Percent,0.224211442,country,Environmental/occupational risks
United Arab Emirates,1992,Number,1296.507699,country,Environmental/occupational risks
United Arab Emirates,1992,Percent,0.227675211,country,Environmental/occupational risks
United Arab Emirates,1993,Number,1326.136935,country,Environmental/occupational risks
United Arab Emirates,1993,Percent,0.229651746,country,Environmental/occupational risks
United Arab Emirates,1994,Number,1369.661901,country,Environmental/occupational risks
United Arab Emirates,1994,Percent,0.229874689,country,Environmental/occupational risks
United Arab Emirates,1995,Number,1364.445881,country,Environmental/occupational risks
United Arab Emirates,1995,Percent,0.227390474,country,Environmental/occupational risks
United Arab Emirates,1996,Number,1427.962593,country,Environmental/occupational risks
United Arab Emirates,1996,Percent,0.233817734,country,Environmental/occupational risks
United Arab Emirates,1997,Number,1477.450209,country,Environmental/occupational risks
United Arab Emirates,1997,Percent,0.227574821,country,Environmental/occupational risks
United Arab Emirates,1998,Number,1662.411544,country,Environmental/occupational risks
United Arab Emirates,1998,Percent,0.2402294,country,Environmental/occupational risks
United Arab Emirates,1999,Number,1745.483605,country,Environmental/occupational risks
United Arab Emirates,1999,Percent,0.23503566,country,Environmental/occupational risks
United Arab Emirates,2000,Number,1830.271837,country,Environmental/occupational risks
United Arab Emirates,2000,Percent,0.234978275,country,Environmental/occupational risks
United Arab Emirates,2001,Number,1893.022434,country,Environmental/occupational risks
United Arab Emirates,2001,Percent,0.233577565,country,Environmental/occupational risks
United Arab Emirates,2002,Number,1895.949757,country,Environmental/occupational risks
United Arab Emirates,2002,Percent,0.229331861,country,Environmental/occupational risks
United Arab Emirates,2003,Number,1918.251354,country,Environmental/occupational risks
United Arab Emirates,2003,Percent,0.226683427,country,Environmental/occupational risks
United Arab Emirates,2004,Number,1985.729335,country,Environmental/occupational risks
United Arab Emirates,2004,Percent,0.221927142,country,Environmental/occupational risks
United Arab Emirates,2005,Number,2099.559575,country,Environmental/occupational risks
United Arab Emirates,2005,Percent,0.225499243,country,Environmental/occupational risks
United Arab Emirates,2006,Number,2295.534588,country,Environmental/occupational risks
United Arab Emirates,2006,Percent,0.227925076,country,Environmental/occupational risks
United Arab Emirates,2007,Number,2625.779147,country,Environmental/occupational risks
United Arab Emirates,2007,Percent,0.228596973,country,Environmental/occupational risks
United Arab Emirates,2008,Number,2820.918758,country,Environmental/occupational risks
United Arab Emirates,2008,Percent,0.228208678,country,Environmental/occupational risks
United Arab Emirates,2009,Number,2965.303865,country,Environmental/occupational risks
United Arab Emirates,2009,Percent,0.227863225,country,Environmental/occupational risks
United Arab Emirates,2010,Number,3078.70688,country,Environmental/occupational risks
United Arab Emirates,2010,Percent,0.224296532,country,Environmental/occupational risks
United Arab Emirates,2011,Number,3186.224574,country,Environmental/occupational risks
United Arab Emirates,2011,Percent,0.225187765,country,Environmental/occupational risks
United Arab Emirates,2012,Number,3315.878299,country,Environmental/occupational risks
United Arab Emirates,2012,Percent,0.230224686,country,Environmental/occupational risks
United Arab Emirates,2013,Number,3381.258861,country,Environmental/occupational risks
United Arab Emirates,2013,Percent,0.219411594,country,Environmental/occupational risks
United Arab Emirates,2014,Number,3670.683539,country,Environmental/occupational risks
United Arab Emirates,2014,Percent,0.230378846,country,Environmental/occupational risks
United Arab Emirates,2015,Number,3856.621555,country,Environmental/occupational risks
United Arab Emirates,2015,Percent,0.238174672,country,Environmental/occupational risks
United Arab Emirates,2016,Number,3842.180447,country,Environmental/occupational risks
United Arab Emirates,2016,Percent,0.236465916,country,Environmental/occupational risks
United Arab Emirates,2017,Number,3974.463849,country,Environmental/occupational risks
United Arab Emirates,2017,Percent,0.24391156,country,Environmental/occupational risks
United Arab Emirates,2018,Number,4029.855182,country,Environmental/occupational risks
United Arab Emirates,2018,Percent,0.24126259,country,Environmental/occupational risks
United Arab Emirates,2019,Number,4269.243461,country,Environmental/occupational risks
United Arab Emirates,2019,Percent,0.240862792,country,Environmental/occupational risks
United Arab Emirates,2020,Number,3479.529774,country,Environmental/occupational risks
United Arab Emirates,2020,Percent,0.217818918,country,Environmental/occupational risks
United Arab Emirates,2021,Number,3802.649813,country,Environmental/occupational risks
United Arab Emirates,2021,Percent,0.190127046,country,Environmental/occupational risks
